[
  {
    "content": "# 1. True Purpose\n> \"*Why* are we doing this?\"\n\nYou start with a rough idea:\n<pre style=\"text-decoration: line-through\">We need to move to a bigger house, because we need more space to grow as a family.</pre\n<small>The goal of this phase is to find a **clear, concise purpose statement**:</small>\n```text\nThe purpose of improving our living space is so that our daily lives can flow with ease and joy and peace, and getting rid of useless clutter is one simple way of doing that right now.\n```\n\n<style>.info{\nfont-size: 80%;\nborder-radius: 5px;\npadding: 5px;\nline-height: 1.6;\nopacity: 0.1;\n}\ndiv.active .info{\ncolor: rgb(134, 107, 77);\nbackground-color: hsl(65, 92%, 90%);\nbox-shadow: 0 1px 3px rgb(206, 175, 141);\nopacity: 1;\n}</style>",
    "children": [
      {
        "content": "## 1.1 - Think broad and dig deep\nThis is a two-step process to clarify your purpose.\n\n1. List all reasons that come to mind without censorship.\n2. Dig deeper into the ones that feel important by asking \"Why?\" again.",
        "children": [
          {
            "content": "We want to move because we don't have enough space for our stuff.\n\n*<div class=\"info\">In these examples, we start thinking that the problem is \"our house is too small\" but realize the real reason we want to move is because we feel it'll simplify our lives.</div>*",
            "children": [
              {
                "content": "> Why?\n\nHmm, a different way of saying that is: because we have *more* stuff *than* space.",
                "children": []
              },
              {
                "content": "> Why?\n\nBecause we often buy things to try to improve our lives.",
                "children": []
              },
              {
                "content": "> Why?\n\nBecause we feel our lives are too chaotic. We can never find what we need, we are constantly cleaning but there's always more.\n\nIt's just too much!",
                "children": []
              },
              {
                "content": "> Why?\n\nAh! Because we have too much crap!\n\nVicious cycle. We don't need more space (we'll probably fill it anyway). We need fewer things, and a better life flow.",
                "children": []
              }
            ]
          },
          {
            "content": "We want to move because we feel our place isn't nice enough. It doesn't reflect us.",
            "children": [
              {
                "content": "> Why?\n\nBecause I'm ashamed of the state of it when guests come over.",
                "children": []
              }
            ]
          }
        ]
      },
      {
        "content": "## 1.2 - Check in With Your Fears\nFear and Shame are a powerful blinders, and very often stop us from seeing the most direct path to reaching our true purpose.\n\nExamples:\n- I am afraid of looking like a failure.\n- I am afraid of trying hard, because if I fail my (friends|colleagues|family) will think less of me.\n- I am afraid of change.",
        "children": [
          {
            "content": "#### Quotes on Fear\n> “It is not because things are difficult that we do not dare, it is because we do not dare that things are difficult.”\n― Seneca\n\n> “Have no fear of perfection - you'll never reach it.” \n― Salvador Dalí",
            "children": []
          }
        ]
      },
      {
        "content": "## 1.3 - Re-evaluate the Project\nNow that you've found your True Purpose, and named your fears, is the project you had in mind initially **the only way** of accomplishing it?\n\n<small>(hint: the answer is always \"No, there are other ways.\")</small>\n\nBefore proceeding, answer this:\n> \"What if I couldn't what I initially planned to do. What would be three other ways of accomplishing the True Purpose?\"\n\nThen choose either the initial project, or one of the alternatives.\n\nYou've found your True Purpose and the right project to move it forward.",
        "children": [
          {
            "content": "### Initial Project\nMove to a bigger house.",
            "children": []
          },
          {
            "content": "### Alternative 1\nGet rid of clutter & simplify.",
            "children": []
          },
          {
            "content": "### Alternative 2\nFind the top three things about our current home that complicate our lives, and change them.",
            "children": []
          },
          {
            "content": "### Alternative 3\nMaybe it's no so much the space, but what we choose to do in it. We might be happier if we focused on finding activities we all enjoy. Have friends over more often? Games as a family?",
            "children": []
          },
          {
            "content": "### Alternative 4\nMaybe we **do** need to move, but not to a bigger house, but a different city? A small town? A different country? Maybe there's a place for us that just fits with our vision of a more peaceful, wholesome life?",
            "children": []
          }
        ]
      }
    ]
  },
  {
    "content": "# 2. Principles & Constraints\nYou start with a vague set of priorities (different for each person), and a vague set of constraints.\n\nThe goal of this phase is to have a **concrete shared list of principles and constraints**, that everyone can *commit to and honor*.\n```text\nPrinciples:\n  1. Make do with what we have.\n  2. Fewer better things.\n  3. Do not assume we \"need to have X\".\n```\n```\nConstraints:\n  1. We will be done two Sundays from now.\n  2. We will spend no more than $250.\n```",
    "children": [
      {
        "content": "## 2.1 - Core Principles\nWhat's important to each of you?\nCan you answer this question:\n```text\n\"I would give other totally free reign to do this as long as they _____________.\"\n```\n\n*<div class=\"info\">As always, list first without judgement.<br>Then clarify and organize.</small>*",
        "children": [
          {
            "content": "Make do with what we have",
            "children": []
          },
          {
            "content": "Less is more, especially if it's fewer better things.",
            "children": []
          },
          {
            "content": "Challenge assumptions, especially the assumption that \"Oh, we simply *need* to have\" some particular thing.",
            "children": []
          }
        ]
      },
      {
        "content": "## 2.2 - Inviolable Constraints\nWhat constraints will you commit to?\nWhat firm deadline?\nWhat firm budget?\n\n*<div class=\"info\">Keep in mind that constraints are a part of life. You can either leave them vague or state them clearly, but they are there. Completing a project is **much more difficult** if you don't have any clear constraints.</small>*",
        "children": [
          {
            "content": "### Quotes on Constraints\n> \"The human race built most nobly when limitations were greatest and, therefore, when most was required of imagination in order to build at all.\"\n― Frank Lloyd White\n\n> \"I decided to write a song based on the first thing I saw upon opening any book... I picked up up a book at random, opened it, saw *\"gently weeps,\"* then laid the book down again and started the song.\"\n― George Harrison",
            "children": []
          }
        ]
      }
    ]
  },
  {
    "content": "# 3. Outcome Envisioning\n> \"What do we want?\"\n\nThe goal of this phase is to have a **clear, concrete image** of what \"wild success\" looks like.",
    "children": [
      {
        "content": "### 3.1 - Gather Inspiration\nFind or create images that *evoke* (not necessarily explain) what success will look like.",
        "children": []
      },
      {
        "content": "### 3.2 - Dream\nQuite simply, close your eyes and daydream.\nRefine your dream by asking questions.\n\nIf you're working with someone, take part in each other's dream:\n1. One person is designated the Dreamer.\n2. The other people are the Actors.\n3. The Dreamer starts with \"This is what you see...\" and describes the scene in words.\n4. The Actors ask questions about the scene. \"What do I see on that wall?\" or \"What happens when I do this?\"\n5. After a time, a new person is designated Dreamer, and the process repeats until everyone feels the vision is real.\n\n*<div class=\"info\">These examples are regarding a physical space, for simplicity. But **the same procedure** applies for imagining a software interface, or a new manufacturing process, say.</small>*",
        "children": []
      }
    ]
  },
  {
    "content": "# 4. Current State\n> \"How are things now?\"\n\nThe goal of this phase is to see, *really see*, the state of things as they are now.\n<div class=\"info\">*This may seem like the easiest part, but it's **the most emotionally challenging**. That's because you've been dreaming up until now, and the gap between what you imagine, and what you see, can be quite painful.*</div>",
    "children": [
      {
        "content": "## 4.1 - Description of the Current State",
        "children": []
      }
    ]
  },
  {
    "content": "# 5. Brainstorming\n> \"What are some ways we can accomplish this?\"\n\nThe goal of this phase is to produce **as many ideas as possible**.",
    "children": [
      {
        "content": "## 5.1 - Idea List (<span id=\"cards-amount\"></span> ideas so far)\nGather **as many people** as you can for this stage, to get **as many ideas** as you can.\n\nStart throwing ideas out there as they come.\n\nFour simple Rules:\n1. Focus on Quantity.\n2. Withold criticisim.\n3. Welcome unusual ideas.\n4. Combine and improve ideas.\n\n---\n*<div class=\"info\">When you start slowing down, use the techniques below to generate even more.</div>*",
        "children": [
          {
            "content": "Some random idea",
            "children": []
          },
          {
            "content": "Another even crazier idea",
            "children": []
          },
          {
            "content": "Another one.",
            "children": []
          }
        ]
      },
      {
        "content": "## 5.2 - Creativity Techniques",
        "children": [
          {
            "content": "- freewriting\n- free drawing\n- [six thinking hats](http://en.wikipedia.org/wiki/Six_Thinking_Hats)\n- random stimulation",
            "children": [
              {
                "content": "[Random word](http://watchout4snakes.com/Random/RandomWord) generator",
                "children": []
              },
              {
                "content": "[Random phrase](http://watchout4snakes.com/Random/RandomPhrase) generator\n",
                "children": []
              },
              {
                "content": "[Random images](https://randomwordgenerator.com/picture.php) here\n",
                "children": []
              }
            ]
          },
          {
            "content": "\n\nUse \"What if\" questions to trigger the imagination.\n- **What if** constraints were 10x more stringent?\n- **What if** you had all the resources in the world to do this?\n- **What if** you could ask anyone for advice on this. Who would it be, and what would you ask?",
            "children": []
          }
        ]
      }
    ]
  },
  {
    "content": "# 6. Next Actions\nVisible, physical actions.\n\nStart with general groupings, break it down until you get to \"surely doables\", then stop.\n\n*<div class=\"info\">When you're done planning and ready for action, you can move this card to the top for convenience.</div>*",
    "children": [
      {
        "content": "### 6.1 - Overview\n[ ] First physical, visible action step.\n[ ] Test your assumptions.\n[ ] Another next action. #john\n[ ] A further action\n\n*<div class=\"info\">Once you're done brainstorming, determine the very next physical, visible actions needed to move the project forward. Include who's responsible by #tag</div>*",
        "children": [
          {
            "content": "### First physical, visible action step.\n[ ] Another multi-part action step.\n[ ] An action step.\n\n*<div class=\"info\">If you're stalled, it's likely that you need to think more about the detailed steps. **Keep breaking it down**, as many levels as necessary, until you know exactly what needs to be done.</div>*",
            "children": [
              {
                "content": "### Another multi-part action step\n[ ] A clear concrete task you can definitely accomplish.\n[ ] Another of the same\n[ ] A third.\n[ ] And more.\n\n*<div class=\"info\">A rule of thumb: keep going until your list of actions are **definitely doable** and **within your control**.</div>*",
                "children": []
              }
            ]
          },
          {
            "content": "### Another next action. #john\n[ ] An item\n[ ] A second",
            "children": []
          }
        ]
      }
    ]
  },
  {
    "content": "*<div class=\"info\">This is meant to be a living plan, not a static one. Keep revisiting and redefining each section, as much as necessary. If problems arise, revist. If project gets stuck, revisit. At whatever level necessary.</div>*",
    "children": []
  }
]