[
  {
    "content": "# 2021",
    "children": [
      {
        "content": "## Q1, 2021",
        "children": [
          {
            "content": "### January",
            "children": [
              {
                "content": "### Week 1\nJan 4 - Jan 10",
                "children": [
                  {
                    "content": "#### Monday\n2021-01-04",
                    "children": []
                  },
                  {
                    "content": "#### Tuesday\n2021-01-05",
                    "children": []
                  },
                  {
                    "content": "#### Wednesday\n2021-01-06",
                    "children": []
                  },
                  {
                    "content": "#### Thursday\n2021-01-07",
                    "children": []
                  },
                  {
                    "content": "#### Friday\n2021-01-08",
                    "children": []
                  },
                  {
                    "content": "#### Saturday\n2021-01-09",
                    "children": []
                  },
                  {
                    "content": "#### Sunday\n2021-01-10",
                    "children": []
                  }
                ]
              },
              {
                "content": "### Week 2\nJan 11 - Jan 17",
                "children": [
                  {
                    "content": "#### Monday\n2021-01-11",
                    "children": []
                  },
                  {
                    "content": "#### Tuesday\n2021-01-12",
                    "children": []
                  },
                  {
                    "content": "#### Wednesday\n2021-01-13",
                    "children": []
                  },
                  {
                    "content": "#### Thursday\n2021-01-14",
                    "children": []
                  },
                  {
                    "content": "#### Friday\n2021-01-15",
                    "children": []
                  },
                  {
                    "content": "#### Saturday\n2021-01-16",
                    "children": []
                  },
                  {
                    "content": "#### Sunday\n2021-01-17",
                    "children": []
                  }
                ]
              },
              {
                "content": "### Week 3\nJan 18 - Jan 24",
                "children": [
                  {
                    "content": "#### Monday\n2021-01-18",
                    "children": []
                  },
                  {
                    "content": "#### Tuesday\n2021-01-19",
                    "children": []
                  },
                  {
                    "content": "#### Wednesday\n2021-01-20",
                    "children": []
                  },
                  {
                    "content": "#### Thursday\n2021-01-21",
                    "children": []
                  },
                  {
                    "content": "#### Friday\n2021-01-22",
                    "children": []
                  },
                  {
                    "content": "#### Saturday\n2021-01-23",
                    "children": []
                  },
                  {
                    "content": "#### Sunday\n2021-01-24",
                    "children": []
                  }
                ]
              },
              {
                "content": "### Week 4\nJan 25 - Jan 31",
                "children": [
                  {
                    "content": "#### Monday\n2021-01-25",
                    "children": []
                  },
                  {
                    "content": "#### Tuesday\n2021-01-26",
                    "children": []
                  },
                  {
                    "content": "#### Wednesday\n2021-01-27",
                    "children": []
                  },
                  {
                    "content": "#### Thursday\n2021-01-28",
                    "children": []
                  },
                  {
                    "content": "#### Friday\n2021-01-29",
                    "children": []
                  },
                  {
                    "content": "#### Saturday\n2021-01-30",
                    "children": []
                  },
                  {
                    "content": "#### Sunday\n2021-01-31",
                    "children": []
                  }
                ]
              }
            ]
          },
          {
            "content": "### February",
            "children": [
              {
                "content": "### Week 5\nFeb 1 - Feb 7",
                "children": [
                  {
                    "content": "#### Monday\n2021-02-01",
                    "children": []
                  },
                  {
                    "content": "#### Tuesday\n2021-02-02",
                    "children": []
                  },
                  {
                    "content": "#### Wednesday\n2021-02-03",
                    "children": []
                  },
                  {
                    "content": "#### Thursday\n2021-02-04",
                    "children": []
                  },
                  {
                    "content": "#### Friday\n2021-02-05",
                    "children": []
                  },
                  {
                    "content": "#### Saturday\n2021-02-06",
                    "children": []
                  },
                  {
                    "content": "#### Sunday\n2021-02-07",
                    "children": []
                  }
                ]
              },
              {
                "content": "### Week 6\nFeb 8 - Feb 14",
                "children": [
                  {
                    "content": "#### Monday\n2021-02-08",
                    "children": []
                  },
                  {
                    "content": "#### Tuesday\n2021-02-09",
                    "children": []
                  },
                  {
                    "content": "#### Wednesday\n2021-02-10",
                    "children": []
                  },
                  {
                    "content": "#### Thursday\n2021-02-11",
                    "children": []
                  },
                  {
                    "content": "#### Friday\n2021-02-12",
                    "children": []
                  },
                  {
                    "content": "#### Saturday\n2021-02-13",
                    "children": []
                  },
                  {
                    "content": "#### Sunday\n2021-02-14",
                    "children": []
                  }
                ]
              },
              {
                "content": "### Week 7\nFeb 15 - Feb 21",
                "children": [
                  {
                    "content": "#### Monday\n2021-02-15",
                    "children": []
                  },
                  {
                    "content": "#### Tuesday\n2021-02-16",
                    "children": []
                  },
                  {
                    "content": "#### Wednesday\n2021-02-17",
                    "children": []
                  },
                  {
                    "content": "#### Thursday\n2021-02-18",
                    "children": []
                  },
                  {
                    "content": "#### Friday\n2021-02-19",
                    "children": []
                  },
                  {
                    "content": "#### Saturday\n2021-02-20",
                    "children": []
                  },
                  {
                    "content": "#### Sunday\n2021-02-21",
                    "children": []
                  }
                ]
              },
              {
                "content": "### Week 8\nFeb 22 - Feb 28",
                "children": [
                  {
                    "content": "#### Monday\n2021-02-22",
                    "children": []
                  },
                  {
                    "content": "#### Tuesday\n2021-02-23",
                    "children": []
                  },
                  {
                    "content": "#### Wednesday\n2021-02-24",
                    "children": []
                  },
                  {
                    "content": "#### Thursday\n2021-02-25",
                    "children": []
                  },
                  {
                    "content": "#### Friday\n2021-02-26",
                    "children": []
                  },
                  {
                    "content": "#### Saturday\n2021-02-27",
                    "children": []
                  },
                  {
                    "content": "#### Sunday\n2021-02-28",
                    "children": []
                  }
                ]
              }
            ]
          },
          {
            "content": "### March",
            "children": [
              {
                "content": "### Week 9\nMar 1 - Mar 7",
                "children": [
                  {
                    "content": "#### Monday\n2021-03-01",
                    "children": []
                  },
                  {
                    "content": "#### Tuesday\n2021-03-02",
                    "children": []
                  },
                  {
                    "content": "#### Wednesday\n2021-03-03",
                    "children": []
                  },
                  {
                    "content": "#### Thursday\n2021-03-04",
                    "children": []
                  },
                  {
                    "content": "#### Friday\n2021-03-05",
                    "children": []
                  },
                  {
                    "content": "#### Saturday\n2021-03-06",
                    "children": []
                  },
                  {
                    "content": "#### Sunday\n2021-03-07",
                    "children": []
                  }
                ]
              },
              {
                "content": "### Week 10\nMar 8 - Mar 14",
                "children": [
                  {
                    "content": "#### Monday\n2021-03-08",
                    "children": []
                  },
                  {
                    "content": "#### Tuesday\n2021-03-09",
                    "children": []
                  },
                  {
                    "content": "#### Wednesday\n2021-03-10",
                    "children": []
                  },
                  {
                    "content": "#### Thursday\n2021-03-11",
                    "children": []
                  },
                  {
                    "content": "#### Friday\n2021-03-12",
                    "children": []
                  },
                  {
                    "content": "#### Saturday\n2021-03-13",
                    "children": []
                  },
                  {
                    "content": "#### Sunday\n2021-03-14",
                    "children": []
                  }
                ]
              },
              {
                "content": "### Week 11\nMar 15 - Mar 21",
                "children": [
                  {
                    "content": "#### Monday\n2021-03-15",
                    "children": []
                  },
                  {
                    "content": "#### Tuesday\n2021-03-16",
                    "children": []
                  },
                  {
                    "content": "#### Wednesday\n2021-03-17",
                    "children": []
                  },
                  {
                    "content": "#### Thursday\n2021-03-18",
                    "children": []
                  },
                  {
                    "content": "#### Friday\n2021-03-19",
                    "children": []
                  },
                  {
                    "content": "#### Saturday\n2021-03-20",
                    "children": []
                  },
                  {
                    "content": "#### Sunday\n2021-03-21",
                    "children": []
                  }
                ]
              },
              {
                "content": "### Week 12\nMar 22 - Mar 28",
                "children": [
                  {
                    "content": "#### Monday\n2021-03-22",
                    "children": []
                  },
                  {
                    "content": "#### Tuesday\n2021-03-23",
                    "children": []
                  },
                  {
                    "content": "#### Wednesday\n2021-03-24",
                    "children": []
                  },
                  {
                    "content": "#### Thursday\n2021-03-25",
                    "children": []
                  },
                  {
                    "content": "#### Friday\n2021-03-26",
                    "children": []
                  },
                  {
                    "content": "#### Saturday\n2021-03-27",
                    "children": []
                  },
                  {
                    "content": "#### Sunday\n2021-03-28",
                    "children": []
                  }
                ]
              }
            ]
          }
        ]
      },
      {
        "content": "## Q2, 2021",
        "children": [
          {
            "content": "### April",
            "children": [
              {
                "content": "### Week 13\nMar 29 - Apr 4",
                "children": [
                  {
                    "content": "#### Monday\n2021-03-29",
                    "children": []
                  },
                  {
                    "content": "#### Tuesday\n2021-03-30",
                    "children": []
                  },
                  {
                    "content": "#### Wednesday\n2021-03-31",
                    "children": []
                  },
                  {
                    "content": "#### Thursday\n2021-04-01",
                    "children": []
                  },
                  {
                    "content": "#### Friday\n2021-04-02",
                    "children": []
                  },
                  {
                    "content": "#### Saturday\n2021-04-03",
                    "children": []
                  },
                  {
                    "content": "#### Sunday\n2021-04-04",
                    "children": []
                  }
                ]
              },
              {
                "content": "### Week 14\nApr 5 - Apr 11",
                "children": [
                  {
                    "content": "#### Monday\n2021-04-05",
                    "children": []
                  },
                  {
                    "content": "#### Tuesday\n2021-04-06",
                    "children": []
                  },
                  {
                    "content": "#### Wednesday\n2021-04-07",
                    "children": []
                  },
                  {
                    "content": "#### Thursday\n2021-04-08",
                    "children": []
                  },
                  {
                    "content": "#### Friday\n2021-04-09",
                    "children": []
                  },
                  {
                    "content": "#### Saturday\n2021-04-10",
                    "children": []
                  },
                  {
                    "content": "#### Sunday\n2021-04-11",
                    "children": []
                  }
                ]
              },
              {
                "content": "### Week 15\nApr 12 - Apr 18",
                "children": [
                  {
                    "content": "#### Monday\n2021-04-12",
                    "children": []
                  },
                  {
                    "content": "#### Tuesday\n2021-04-13",
                    "children": []
                  },
                  {
                    "content": "#### Wednesday\n2021-04-14",
                    "children": []
                  },
                  {
                    "content": "#### Thursday\n2021-04-15",
                    "children": []
                  },
                  {
                    "content": "#### Friday\n2021-04-16",
                    "children": []
                  },
                  {
                    "content": "#### Saturday\n2021-04-17",
                    "children": []
                  },
                  {
                    "content": "#### Sunday\n2021-04-18",
                    "children": []
                  }
                ]
              },
              {
                "content": "### Week 16\nApr 19 - Apr 25",
                "children": [
                  {
                    "content": "#### Monday\n2021-04-19",
                    "children": []
                  },
                  {
                    "content": "#### Tuesday\n2021-04-20",
                    "children": []
                  },
                  {
                    "content": "#### Wednesday\n2021-04-21",
                    "children": []
                  },
                  {
                    "content": "#### Thursday\n2021-04-22",
                    "children": []
                  },
                  {
                    "content": "#### Friday\n2021-04-23",
                    "children": []
                  },
                  {
                    "content": "#### Saturday\n2021-04-24",
                    "children": []
                  },
                  {
                    "content": "#### Sunday\n2021-04-25",
                    "children": []
                  }
                ]
              },
              {
                "content": "### Week 17\nApr 26 - May 2",
                "children": [
                  {
                    "content": "#### Monday\n2021-04-26",
                    "children": []
                  },
                  {
                    "content": "#### Tuesday\n2021-04-27",
                    "children": []
                  },
                  {
                    "content": "#### Wednesday\n2021-04-28",
                    "children": []
                  },
                  {
                    "content": "#### Thursday\n2021-04-29",
                    "children": []
                  },
                  {
                    "content": "#### Friday\n2021-04-30",
                    "children": []
                  },
                  {
                    "content": "#### Saturday\n2021-05-01",
                    "children": []
                  },
                  {
                    "content": "#### Sunday\n2021-05-02",
                    "children": []
                  }
                ]
              }
            ]
          },
          {
            "content": "### May",
            "children": [
              {
                "content": "### Week 18\nMay 3 - May 9",
                "children": [
                  {
                    "content": "#### Monday\n2021-05-03",
                    "children": []
                  },
                  {
                    "content": "#### Tuesday\n2021-05-04",
                    "children": []
                  },
                  {
                    "content": "#### Wednesday\n2021-05-05",
                    "children": []
                  },
                  {
                    "content": "#### Thursday\n2021-05-06",
                    "children": []
                  },
                  {
                    "content": "#### Friday\n2021-05-07",
                    "children": []
                  },
                  {
                    "content": "#### Saturday\n2021-05-08",
                    "children": []
                  },
                  {
                    "content": "#### Sunday\n2021-05-09",
                    "children": []
                  }
                ]
              },
              {
                "content": "### Week 19\nMay 10 - May 16",
                "children": [
                  {
                    "content": "#### Monday\n2021-05-10",
                    "children": []
                  },
                  {
                    "content": "#### Tuesday\n2021-05-11",
                    "children": []
                  },
                  {
                    "content": "#### Wednesday\n2021-05-12",
                    "children": []
                  },
                  {
                    "content": "#### Thursday\n2021-05-13",
                    "children": []
                  },
                  {
                    "content": "#### Friday\n2021-05-14",
                    "children": []
                  },
                  {
                    "content": "#### Saturday\n2021-05-15",
                    "children": []
                  },
                  {
                    "content": "#### Sunday\n2021-05-16",
                    "children": []
                  }
                ]
              },
              {
                "content": "### Week 20\nMay 17 - May 23",
                "children": [
                  {
                    "content": "#### Monday\n2021-05-17",
                    "children": []
                  },
                  {
                    "content": "#### Tuesday\n2021-05-18",
                    "children": []
                  },
                  {
                    "content": "#### Wednesday\n2021-05-19",
                    "children": []
                  },
                  {
                    "content": "#### Thursday\n2021-05-20",
                    "children": []
                  },
                  {
                    "content": "#### Friday\n2021-05-21",
                    "children": []
                  },
                  {
                    "content": "#### Saturday\n2021-05-22",
                    "children": []
                  },
                  {
                    "content": "#### Sunday\n2021-05-23",
                    "children": []
                  }
                ]
              },
              {
                "content": "### Week 21\nMay 24 - May 30",
                "children": [
                  {
                    "content": "#### Monday\n2021-05-24",
                    "children": []
                  },
                  {
                    "content": "#### Tuesday\n2021-05-25",
                    "children": []
                  },
                  {
                    "content": "#### Wednesday\n2021-05-26",
                    "children": []
                  },
                  {
                    "content": "#### Thursday\n2021-05-27",
                    "children": []
                  },
                  {
                    "content": "#### Friday\n2021-05-28",
                    "children": []
                  },
                  {
                    "content": "#### Saturday\n2021-05-29",
                    "children": []
                  },
                  {
                    "content": "#### Sunday\n2021-05-30",
                    "children": []
                  }
                ]
              }
            ]
          },
          {
            "content": "### June",
            "children": [
              {
                "content": "### Week 22\nMay 31 - Jun 6",
                "children": [
                  {
                    "content": "#### Monday\n2021-05-31",
                    "children": []
                  },
                  {
                    "content": "#### Tuesday\n2021-06-01",
                    "children": []
                  },
                  {
                    "content": "#### Wednesday\n2021-06-02",
                    "children": []
                  },
                  {
                    "content": "#### Thursday\n2021-06-03",
                    "children": []
                  },
                  {
                    "content": "#### Friday\n2021-06-04",
                    "children": []
                  },
                  {
                    "content": "#### Saturday\n2021-06-05",
                    "children": []
                  },
                  {
                    "content": "#### Sunday\n2021-06-06",
                    "children": []
                  }
                ]
              },
              {
                "content": "### Week 23\nJun 7 - Jun 13",
                "children": [
                  {
                    "content": "#### Monday\n2021-06-07",
                    "children": []
                  },
                  {
                    "content": "#### Tuesday\n2021-06-08",
                    "children": []
                  },
                  {
                    "content": "#### Wednesday\n2021-06-09",
                    "children": []
                  },
                  {
                    "content": "#### Thursday\n2021-06-10",
                    "children": []
                  },
                  {
                    "content": "#### Friday\n2021-06-11",
                    "children": []
                  },
                  {
                    "content": "#### Saturday\n2021-06-12",
                    "children": []
                  },
                  {
                    "content": "#### Sunday\n2021-06-13",
                    "children": []
                  }
                ]
              },
              {
                "content": "### Week 24\nJun 14 - Jun 20",
                "children": [
                  {
                    "content": "#### Monday\n2021-06-14",
                    "children": []
                  },
                  {
                    "content": "#### Tuesday\n2021-06-15",
                    "children": []
                  },
                  {
                    "content": "#### Wednesday\n2021-06-16",
                    "children": []
                  },
                  {
                    "content": "#### Thursday\n2021-06-17",
                    "children": []
                  },
                  {
                    "content": "#### Friday\n2021-06-18",
                    "children": []
                  },
                  {
                    "content": "#### Saturday\n2021-06-19",
                    "children": []
                  },
                  {
                    "content": "#### Sunday\n2021-06-20",
                    "children": []
                  }
                ]
              },
              {
                "content": "### Week 25\nJun 21 - Jun 27",
                "children": [
                  {
                    "content": "#### Monday\n2021-06-21",
                    "children": []
                  },
                  {
                    "content": "#### Tuesday\n2021-06-22",
                    "children": []
                  },
                  {
                    "content": "#### Wednesday\n2021-06-23",
                    "children": []
                  },
                  {
                    "content": "#### Thursday\n2021-06-24",
                    "children": []
                  },
                  {
                    "content": "#### Friday\n2021-06-25",
                    "children": []
                  },
                  {
                    "content": "#### Saturday\n2021-06-26",
                    "children": []
                  },
                  {
                    "content": "#### Sunday\n2021-06-27",
                    "children": []
                  }
                ]
              }
            ]
          }
        ]
      },
      {
        "content": "## Q3, 2021",
        "children": [
          {
            "content": "### July",
            "children": [
              {
                "content": "### Week 26\nJun 28 - Jul 4",
                "children": [
                  {
                    "content": "#### Monday\n2021-06-28",
                    "children": []
                  },
                  {
                    "content": "#### Tuesday\n2021-06-29",
                    "children": []
                  },
                  {
                    "content": "#### Wednesday\n2021-06-30",
                    "children": []
                  },
                  {
                    "content": "#### Thursday\n2021-07-01",
                    "children": []
                  },
                  {
                    "content": "#### Friday\n2021-07-02",
                    "children": []
                  },
                  {
                    "content": "#### Saturday\n2021-07-03",
                    "children": []
                  },
                  {
                    "content": "#### Sunday\n2021-07-04",
                    "children": []
                  }
                ]
              },
              {
                "content": "### Week 27\nJul 5 - Jul 11",
                "children": [
                  {
                    "content": "#### Monday\n2021-07-05",
                    "children": []
                  },
                  {
                    "content": "#### Tuesday\n2021-07-06",
                    "children": []
                  },
                  {
                    "content": "#### Wednesday\n2021-07-07",
                    "children": []
                  },
                  {
                    "content": "#### Thursday\n2021-07-08",
                    "children": []
                  },
                  {
                    "content": "#### Friday\n2021-07-09",
                    "children": []
                  },
                  {
                    "content": "#### Saturday\n2021-07-10",
                    "children": []
                  },
                  {
                    "content": "#### Sunday\n2021-07-11",
                    "children": []
                  }
                ]
              },
              {
                "content": "### Week 28\nJul 12 - Jul 18",
                "children": [
                  {
                    "content": "#### Monday\n2021-07-12",
                    "children": []
                  },
                  {
                    "content": "#### Tuesday\n2021-07-13",
                    "children": []
                  },
                  {
                    "content": "#### Wednesday\n2021-07-14",
                    "children": []
                  },
                  {
                    "content": "#### Thursday\n2021-07-15",
                    "children": []
                  },
                  {
                    "content": "#### Friday\n2021-07-16",
                    "children": []
                  },
                  {
                    "content": "#### Saturday\n2021-07-17",
                    "children": []
                  },
                  {
                    "content": "#### Sunday\n2021-07-18",
                    "children": []
                  }
                ]
              },
              {
                "content": "### Week 29\nJul 19 - Jul 25",
                "children": [
                  {
                    "content": "#### Monday\n2021-07-19",
                    "children": []
                  },
                  {
                    "content": "#### Tuesday\n2021-07-20",
                    "children": []
                  },
                  {
                    "content": "#### Wednesday\n2021-07-21",
                    "children": []
                  },
                  {
                    "content": "#### Thursday\n2021-07-22",
                    "children": []
                  },
                  {
                    "content": "#### Friday\n2021-07-23",
                    "children": []
                  },
                  {
                    "content": "#### Saturday\n2021-07-24",
                    "children": []
                  },
                  {
                    "content": "#### Sunday\n2021-07-25",
                    "children": []
                  }
                ]
              },
              {
                "content": "### Week 30\nJul 26 - Aug 1",
                "children": [
                  {
                    "content": "#### Monday\n2021-07-26",
                    "children": []
                  },
                  {
                    "content": "#### Tuesday\n2021-07-27",
                    "children": []
                  },
                  {
                    "content": "#### Wednesday\n2021-07-28",
                    "children": []
                  },
                  {
                    "content": "#### Thursday\n2021-07-29",
                    "children": []
                  },
                  {
                    "content": "#### Friday\n2021-07-30",
                    "children": []
                  },
                  {
                    "content": "#### Saturday\n2021-07-31",
                    "children": []
                  },
                  {
                    "content": "#### Sunday\n2021-08-01",
                    "children": []
                  }
                ]
              }
            ]
          },
          {
            "content": "### August",
            "children": [
              {
                "content": "### Week 31\nAug 2 - Aug 8",
                "children": [
                  {
                    "content": "#### Monday\n2021-08-02",
                    "children": []
                  },
                  {
                    "content": "#### Tuesday\n2021-08-03",
                    "children": []
                  },
                  {
                    "content": "#### Wednesday\n2021-08-04",
                    "children": []
                  },
                  {
                    "content": "#### Thursday\n2021-08-05",
                    "children": []
                  },
                  {
                    "content": "#### Friday\n2021-08-06",
                    "children": []
                  },
                  {
                    "content": "#### Saturday\n2021-08-07",
                    "children": []
                  },
                  {
                    "content": "#### Sunday\n2021-08-08",
                    "children": []
                  }
                ]
              },
              {
                "content": "### Week 32\nAug 9 - Aug 15",
                "children": [
                  {
                    "content": "#### Monday\n2021-08-09",
                    "children": []
                  },
                  {
                    "content": "#### Tuesday\n2021-08-10",
                    "children": []
                  },
                  {
                    "content": "#### Wednesday\n2021-08-11",
                    "children": []
                  },
                  {
                    "content": "#### Thursday\n2021-08-12",
                    "children": []
                  },
                  {
                    "content": "#### Friday\n2021-08-13",
                    "children": []
                  },
                  {
                    "content": "#### Saturday\n2021-08-14",
                    "children": []
                  },
                  {
                    "content": "#### Sunday\n2021-08-15",
                    "children": []
                  }
                ]
              },
              {
                "content": "### Week 33\nAug 16 - Aug 22",
                "children": [
                  {
                    "content": "#### Monday\n2021-08-16",
                    "children": []
                  },
                  {
                    "content": "#### Tuesday\n2021-08-17",
                    "children": []
                  },
                  {
                    "content": "#### Wednesday\n2021-08-18",
                    "children": []
                  },
                  {
                    "content": "#### Thursday\n2021-08-19",
                    "children": []
                  },
                  {
                    "content": "#### Friday\n2021-08-20",
                    "children": []
                  },
                  {
                    "content": "#### Saturday\n2021-08-21",
                    "children": []
                  },
                  {
                    "content": "#### Sunday\n2021-08-22",
                    "children": []
                  }
                ]
              },
              {
                "content": "### Week 34\nAug 23 - Aug 29",
                "children": [
                  {
                    "content": "#### Monday\n2021-08-23",
                    "children": []
                  },
                  {
                    "content": "#### Tuesday\n2021-08-24",
                    "children": []
                  },
                  {
                    "content": "#### Wednesday\n2021-08-25",
                    "children": []
                  },
                  {
                    "content": "#### Thursday\n2021-08-26",
                    "children": []
                  },
                  {
                    "content": "#### Friday\n2021-08-27",
                    "children": []
                  },
                  {
                    "content": "#### Saturday\n2021-08-28",
                    "children": []
                  },
                  {
                    "content": "#### Sunday\n2021-08-29",
                    "children": []
                  }
                ]
              }
            ]
          },
          {
            "content": "### September",
            "children": [
              {
                "content": "### Week 35\nAug 30 - Sep 5",
                "children": [
                  {
                    "content": "#### Monday\n2021-08-30",
                    "children": []
                  },
                  {
                    "content": "#### Tuesday\n2021-08-31",
                    "children": []
                  },
                  {
                    "content": "#### Wednesday\n2021-09-01",
                    "children": []
                  },
                  {
                    "content": "#### Thursday\n2021-09-02",
                    "children": []
                  },
                  {
                    "content": "#### Friday\n2021-09-03",
                    "children": []
                  },
                  {
                    "content": "#### Saturday\n2021-09-04",
                    "children": []
                  },
                  {
                    "content": "#### Sunday\n2021-09-05",
                    "children": []
                  }
                ]
              },
              {
                "content": "### Week 36\nSep 6 - Sep 12",
                "children": [
                  {
                    "content": "#### Monday\n2021-09-06",
                    "children": []
                  },
                  {
                    "content": "#### Tuesday\n2021-09-07",
                    "children": []
                  },
                  {
                    "content": "#### Wednesday\n2021-09-08",
                    "children": []
                  },
                  {
                    "content": "#### Thursday\n2021-09-09",
                    "children": []
                  },
                  {
                    "content": "#### Friday\n2021-09-10",
                    "children": []
                  },
                  {
                    "content": "#### Saturday\n2021-09-11",
                    "children": []
                  },
                  {
                    "content": "#### Sunday\n2021-09-12",
                    "children": []
                  }
                ]
              },
              {
                "content": "### Week 37\nSep 13 - Sep 19",
                "children": [
                  {
                    "content": "#### Monday\n2021-09-13",
                    "children": []
                  },
                  {
                    "content": "#### Tuesday\n2021-09-14",
                    "children": []
                  },
                  {
                    "content": "#### Wednesday\n2021-09-15",
                    "children": []
                  },
                  {
                    "content": "#### Thursday\n2021-09-16",
                    "children": []
                  },
                  {
                    "content": "#### Friday\n2021-09-17",
                    "children": []
                  },
                  {
                    "content": "#### Saturday\n2021-09-18",
                    "children": []
                  },
                  {
                    "content": "#### Sunday\n2021-09-19",
                    "children": []
                  }
                ]
              },
              {
                "content": "### Week 38\nSep 20 - Sep 26",
                "children": [
                  {
                    "content": "#### Monday\n2021-09-20",
                    "children": []
                  },
                  {
                    "content": "#### Tuesday\n2021-09-21",
                    "children": []
                  },
                  {
                    "content": "#### Wednesday\n2021-09-22",
                    "children": []
                  },
                  {
                    "content": "#### Thursday\n2021-09-23",
                    "children": []
                  },
                  {
                    "content": "#### Friday\n2021-09-24",
                    "children": []
                  },
                  {
                    "content": "#### Saturday\n2021-09-25",
                    "children": []
                  },
                  {
                    "content": "#### Sunday\n2021-09-26",
                    "children": []
                  }
                ]
              },
              {
                "content": "### Week 39\nSep 27 - Oct 3",
                "children": [
                  {
                    "content": "#### Monday\n2021-09-27",
                    "children": []
                  },
                  {
                    "content": "#### Tuesday\n2021-09-28",
                    "children": []
                  },
                  {
                    "content": "#### Wednesday\n2021-09-29",
                    "children": []
                  },
                  {
                    "content": "#### Thursday\n2021-09-30",
                    "children": []
                  },
                  {
                    "content": "#### Friday\n2021-10-01",
                    "children": []
                  },
                  {
                    "content": "#### Saturday\n2021-10-02",
                    "children": []
                  },
                  {
                    "content": "#### Sunday\n2021-10-03",
                    "children": []
                  }
                ]
              }
            ]
          }
        ]
      },
      {
        "content": "## Q4, 2021",
        "children": [
          {
            "content": "### October",
            "children": [
              {
                "content": "### Week 40\nOct 4 - Oct 10",
                "children": [
                  {
                    "content": "#### Monday\n2021-10-04",
                    "children": []
                  },
                  {
                    "content": "#### Tuesday\n2021-10-05",
                    "children": []
                  },
                  {
                    "content": "#### Wednesday\n2021-10-06",
                    "children": []
                  },
                  {
                    "content": "#### Thursday\n2021-10-07",
                    "children": []
                  },
                  {
                    "content": "#### Friday\n2021-10-08",
                    "children": []
                  },
                  {
                    "content": "#### Saturday\n2021-10-09",
                    "children": []
                  },
                  {
                    "content": "#### Sunday\n2021-10-10",
                    "children": []
                  }
                ]
              },
              {
                "content": "### Week 41\nOct 11 - Oct 17",
                "children": [
                  {
                    "content": "#### Monday\n2021-10-11",
                    "children": []
                  },
                  {
                    "content": "#### Tuesday\n2021-10-12",
                    "children": []
                  },
                  {
                    "content": "#### Wednesday\n2021-10-13",
                    "children": []
                  },
                  {
                    "content": "#### Thursday\n2021-10-14",
                    "children": []
                  },
                  {
                    "content": "#### Friday\n2021-10-15",
                    "children": []
                  },
                  {
                    "content": "#### Saturday\n2021-10-16",
                    "children": []
                  },
                  {
                    "content": "#### Sunday\n2021-10-17",
                    "children": []
                  }
                ]
              },
              {
                "content": "### Week 42\nOct 18 - Oct 24",
                "children": [
                  {
                    "content": "#### Monday\n2021-10-18",
                    "children": []
                  },
                  {
                    "content": "#### Tuesday\n2021-10-19",
                    "children": []
                  },
                  {
                    "content": "#### Wednesday\n2021-10-20",
                    "children": []
                  },
                  {
                    "content": "#### Thursday\n2021-10-21",
                    "children": []
                  },
                  {
                    "content": "#### Friday\n2021-10-22",
                    "children": []
                  },
                  {
                    "content": "#### Saturday\n2021-10-23",
                    "children": []
                  },
                  {
                    "content": "#### Sunday\n2021-10-24",
                    "children": []
                  }
                ]
              },
              {
                "content": "### Week 43\nOct 25 - Oct 31",
                "children": [
                  {
                    "content": "#### Monday\n2021-10-25",
                    "children": []
                  },
                  {
                    "content": "#### Tuesday\n2021-10-26",
                    "children": []
                  },
                  {
                    "content": "#### Wednesday\n2021-10-27",
                    "children": []
                  },
                  {
                    "content": "#### Thursday\n2021-10-28",
                    "children": []
                  },
                  {
                    "content": "#### Friday\n2021-10-29",
                    "children": []
                  },
                  {
                    "content": "#### Saturday\n2021-10-30",
                    "children": []
                  },
                  {
                    "content": "#### Sunday\n2021-10-31",
                    "children": []
                  }
                ]
              }
            ]
          },
          {
            "content": "### November",
            "children": [
              {
                "content": "### Week 44\nNov 1 - Nov 7",
                "children": [
                  {
                    "content": "#### Monday\n2021-11-01",
                    "children": []
                  },
                  {
                    "content": "#### Tuesday\n2021-11-02",
                    "children": []
                  },
                  {
                    "content": "#### Wednesday\n2021-11-03",
                    "children": []
                  },
                  {
                    "content": "#### Thursday\n2021-11-04",
                    "children": []
                  },
                  {
                    "content": "#### Friday\n2021-11-05",
                    "children": []
                  },
                  {
                    "content": "#### Saturday\n2021-11-06",
                    "children": []
                  },
                  {
                    "content": "#### Sunday\n2021-11-07",
                    "children": []
                  }
                ]
              },
              {
                "content": "### Week 45\nNov 8 - Nov 14",
                "children": [
                  {
                    "content": "#### Monday\n2021-11-08",
                    "children": []
                  },
                  {
                    "content": "#### Tuesday\n2021-11-09",
                    "children": []
                  },
                  {
                    "content": "#### Wednesday\n2021-11-10",
                    "children": []
                  },
                  {
                    "content": "#### Thursday\n2021-11-11",
                    "children": []
                  },
                  {
                    "content": "#### Friday\n2021-11-12",
                    "children": []
                  },
                  {
                    "content": "#### Saturday\n2021-11-13",
                    "children": []
                  },
                  {
                    "content": "#### Sunday\n2021-11-14",
                    "children": []
                  }
                ]
              },
              {
                "content": "### Week 46\nNov 15 - Nov 21",
                "children": [
                  {
                    "content": "#### Monday\n2021-11-15",
                    "children": []
                  },
                  {
                    "content": "#### Tuesday\n2021-11-16",
                    "children": []
                  },
                  {
                    "content": "#### Wednesday\n2021-11-17",
                    "children": []
                  },
                  {
                    "content": "#### Thursday\n2021-11-18",
                    "children": []
                  },
                  {
                    "content": "#### Friday\n2021-11-19",
                    "children": []
                  },
                  {
                    "content": "#### Saturday\n2021-11-20",
                    "children": []
                  },
                  {
                    "content": "#### Sunday\n2021-11-21",
                    "children": []
                  }
                ]
              },
              {
                "content": "### Week 47\nNov 22 - Nov 28",
                "children": [
                  {
                    "content": "#### Monday\n2021-11-22",
                    "children": []
                  },
                  {
                    "content": "#### Tuesday\n2021-11-23",
                    "children": []
                  },
                  {
                    "content": "#### Wednesday\n2021-11-24",
                    "children": []
                  },
                  {
                    "content": "#### Thursday\n2021-11-25",
                    "children": []
                  },
                  {
                    "content": "#### Friday\n2021-11-26",
                    "children": []
                  },
                  {
                    "content": "#### Saturday\n2021-11-27",
                    "children": []
                  },
                  {
                    "content": "#### Sunday\n2021-11-28",
                    "children": []
                  }
                ]
              }
            ]
          },
          {
            "content": "### December",
            "children": [
              {
                "content": "### Week 48\nNov 29 - Dec 5",
                "children": [
                  {
                    "content": "#### Monday\n2021-11-29",
                    "children": []
                  },
                  {
                    "content": "#### Tuesday\n2021-11-30",
                    "children": []
                  },
                  {
                    "content": "#### Wednesday\n2021-12-01",
                    "children": []
                  },
                  {
                    "content": "#### Thursday\n2021-12-02",
                    "children": []
                  },
                  {
                    "content": "#### Friday\n2021-12-03",
                    "children": []
                  },
                  {
                    "content": "#### Saturday\n2021-12-04",
                    "children": []
                  },
                  {
                    "content": "#### Sunday\n2021-12-05",
                    "children": []
                  }
                ]
              },
              {
                "content": "### Week 49\nDec 6 - Dec 12",
                "children": [
                  {
                    "content": "#### Monday\n2021-12-06",
                    "children": []
                  },
                  {
                    "content": "#### Tuesday\n2021-12-07",
                    "children": []
                  },
                  {
                    "content": "#### Wednesday\n2021-12-08",
                    "children": []
                  },
                  {
                    "content": "#### Thursday\n2021-12-09",
                    "children": []
                  },
                  {
                    "content": "#### Friday\n2021-12-10",
                    "children": []
                  },
                  {
                    "content": "#### Saturday\n2021-12-11",
                    "children": []
                  },
                  {
                    "content": "#### Sunday\n2021-12-12",
                    "children": []
                  }
                ]
              },
              {
                "content": "### Week 50\nDec 13 - Dec 19",
                "children": [
                  {
                    "content": "#### Monday\n2021-12-13",
                    "children": []
                  },
                  {
                    "content": "#### Tuesday\n2021-12-14",
                    "children": []
                  },
                  {
                    "content": "#### Wednesday\n2021-12-15",
                    "children": []
                  },
                  {
                    "content": "#### Thursday\n2021-12-16",
                    "children": []
                  },
                  {
                    "content": "#### Friday\n2021-12-17",
                    "children": []
                  },
                  {
                    "content": "#### Saturday\n2021-12-18",
                    "children": []
                  },
                  {
                    "content": "#### Sunday\n2021-12-19",
                    "children": []
                  }
                ]
              },
              {
                "content": "### Week 51\nDec 20 - Dec 26",
                "children": [
                  {
                    "content": "#### Monday\n2021-12-20",
                    "children": []
                  },
                  {
                    "content": "#### Tuesday\n2021-12-21",
                    "children": []
                  },
                  {
                    "content": "#### Wednesday\n2021-12-22",
                    "children": []
                  },
                  {
                    "content": "#### Thursday\n2021-12-23",
                    "children": []
                  },
                  {
                    "content": "#### Friday\n2021-12-24",
                    "children": []
                  },
                  {
                    "content": "#### Saturday\n2021-12-25",
                    "children": []
                  },
                  {
                    "content": "#### Sunday\n2021-12-26",
                    "children": []
                  }
                ]
              }
            ]
          }
        ]
      }
    ]
  }
]